Player,Country,Rounds,Rating,ACS,K/D,ADR,KPR,DPR,APR,FBPR,FDPR,HS%,FBSR
 Ivy,Colombia,522,1.57,306.4,1.95,192.8,1.10,0.56,0.24,0.22,0.08,35%,73%
 mwzera,Brazil,3089,1.36,286.8,1.40,175.2,0.99,0.71,0.24,0.18,0.10,17%,65%
 cNed,Turkey,5644,1.36,270.3,1.44,162.7,0.96,0.67,0.18,0.19,0.11,24%,65%
 something,Russia,975,1.35,283.2,1.44,175.9,1.00,0.69,0.18,0.19,0.14,22%,58%
 Jianna,Armenia,410,1.35,276.7,1.38,182.7,0.91,0.66,0.35,0.15,0.07,18%,70%
 GangPin,South Korea,656,1.35,264.0,1.33,164.2,0.91,0.68,0.25,0.19,0.14,25%,57%
 Keznit,Chile,2633,1.33,276.6,1.34,169.1,0.95,0.71,0.24,0.19,0.13,23%,59%
 ScreaM,Belgium,4893,1.32,270.7,1.40,171.8,0.94,0.67,0.23,0.17,0.09,33%,66%
 trexx,Russia,3245,1.32,260.3,1.45,165.4,0.89,0.62,0.32,0.14,0.09,18%,61%
 Leo,Sweden,4082,1.32,239.9,1.39,155.7,0.84,0.61,0.33,0.09,0.05,23%,67%
 Xander,Colombia,3785,1.30,270.6,1.35,157.6,0.92,0.68,0.23,0.23,0.15,17%,60%
 duhT,Brazil,394,1.30,267.3,1.25,167.1,0.94,0.75,0.18,0.23,0.14,22%,62%
 sociablEE,Turkey,5112,1.29,272.5,1.29,171.5,0.93,0.72,0.22,0.20,0.13,23%,60%
 heat,Brazil,2820,1.28,261.1,1.39,160.5,0.95,0.69,0.14,0.19,0.12,28%,61%
 m5,Chile,1329,1.28,259.9,1.24,160.3,0.88,0.71,0.23,0.18,0.13,24%,58%
 TenZ,Canada,5434,1.27,275.9,1.36,163.6,0.95,0.70,0.23,0.20,0.11,18%,65%
 Derke,Finland,4111,1.27,268.3,1.29,163.7,0.92,0.71,0.20,0.23,0.16,27%,58%
 Twisten,Czech Republic,4302,1.27,266.5,1.34,167.5,0.93,0.70,0.20,0.21,0.14,26%,59%
 t3xture,South Korea,1995,1.27,263.5,1.31,160.2,0.93,0.71,0.20,0.16,0.14,24%,53%
 koalanoob,Canada,8536,1.27,256.7,1.34,156.7,0.91,0.68,0.18,0.18,0.12,22%,60%
 BuZz,South Korea,3028,1.27,251.8,1.33,151.8,0.88,0.66,0.20,0.18,0.14,24%,57%
 russ,Turkey,4151,1.27,251.6,1.35,161.6,0.91,0.67,0.18,0.15,0.09,30%,62%
 zekken,United States,6428,1.27,251.4,1.33,162.4,0.87,0.65,0.32,0.12,0.08,21%,60%
 kiNgg,Chile,3166,1.27,247.0,1.43,158.5,0.87,0.61,0.31,0.13,0.09,21%,61%
 Camilaaaa,Armenia,361,1.27,243.4,1.30,161.5,0.80,0.61,0.45,0.12,0.07,21%,63%
 CNKa,Turkey,2396,1.26,266.1,1.28,168.6,0.91,0.71,0.19,0.18,0.14,27%,57%
 Izzy,Turkey,2938,1.26,263.7,1.39,161.7,0.93,0.67,0.17,0.21,0.14,23%,60%
 Daveeys,Colombia,3171,1.26,261.9,1.43,167.2,0.92,0.64,0.24,0.16,0.10,26%,61%
 elllement,Serbia,2943,1.26,254.6,1.39,161.0,0.91,0.65,0.21,0.17,0.10,26%,62%
 NiSMO,Canada,5345,1.26,254.3,1.31,163.6,0.89,0.68,0.26,0.15,0.10,25%,60%
 WARDELL,Canada,6237,1.26,253.7,1.52,154.3,0.92,0.60,0.15,0.17,0.07,20%,72%
 cauanzin,Brazil,639,1.26,247.5,1.29,159.7,0.84,0.65,0.35,0.14,0.09,24%,62%
 Davud,Denmark,2726,1.25,264.5,1.21,165.3,0.90,0.74,0.21,0.22,0.16,19%,58%
 jannyXD,Portugal,3737,1.25,263.6,1.28,158.0,0.92,0.72,0.18,0.22,0.17,23%,57%
 HANN,South Korea,1952,1.25,263.5,1.22,161.9,0.90,0.74,0.20,0.20,0.16,25%,56%
 yay,United States,4237,1.25,249.7,1.34,151.5,0.88,0.66,0.20,0.18,0.11,26%,62%
 Cloud,Russia,3905,1.25,247.0,1.27,160.8,0.86,0.68,0.30,0.13,0.10,30%,57%
 Zellsis,United States,4543,1.25,240.2,1.26,152.3,0.83,0.66,0.34,0.12,0.11,19%,53%
 Jady,Russia,3618,1.25,237.5,1.32,151.4,0.86,0.65,0.32,0.09,0.06,30%,59%
 popogachi,Japan,2094,1.25,230.5,1.15,155.4,0.76,0.66,0.43,0.08,0.07,21%,54%
 SimonD4rk,Belarus,4640,1.24,263.9,1.30,162.6,0.90,0.70,0.18,0.22,0.15,20%,60%
 Alfajer,Turkey,2532,1.24,258.6,1.34,168.1,0.92,0.69,0.18,0.15,0.11,31%,58%
 kAdavra,France,3560,1.24,246.8,1.30,154.9,0.88,0.68,0.21,0.15,0.11,26%,57%
 HomE,Armenia,571,1.24,245.3,1.25,163.9,0.86,0.69,0.33,0.13,0.07,24%,64%
 thiefy,Japan,697,1.23,257.9,1.19,162.1,0.87,0.73,0.22,0.18,0.15,20%,54%
 nukkye,Lithuania,4367,1.23,256.4,1.33,166.2,0.87,0.66,0.26,0.14,0.11,20%,56%
 leaf,United States,3845,1.23,253.3,1.21,157.4,0.87,0.72,0.25,0.19,0.16,23%,54%
 MaKo,South Korea,2354,1.23,243.4,1.42,150.5,0.87,0.61,0.27,0.14,0.09,24%,60%
 MOLSI,Poland,5190,1.23,240.5,1.32,157.6,0.83,0.63,0.32,0.12,0.07,27%,61%
 Cryocells,United States,6609,1.23,237.8,1.30,149.0,0.85,0.65,0.27,0.12,0.08,23%,60%
 Laz,Japan,3511,1.23,236.8,1.32,150.7,0.83,0.63,0.23,0.14,0.09,31%,61%
 Masic,Turkey,3294,1.22,257.8,1.30,159.1,0.90,0.69,0.16,0.19,0.12,24%,62%
 nolan,Colombia,3368,1.22,254.8,1.26,158.6,0.88,0.70,0.27,0.18,0.13,21%,59%
 Dep,Japan,3261,1.22,248.5,1.29,149.6,0.88,0.68,0.20,0.13,0.10,22%,57%
 Morita,Armenia,368,1.22,248.4,1.30,160.1,0.88,0.67,0.22,0.10,0.10,22%,51%
 Neon,United States,7062,1.22,247.7,1.35,153.0,0.87,0.65,0.19,0.19,0.12,19%,61%
 Exalt,United States,3863,1.22,246.4,1.23,154.0,0.85,0.69,0.28,0.15,0.12,22%,56%
 SmartSeven,Belarus,517,1.22,191.5,0.92,142.1,0.60,0.65,0.29,0.09,0.06,29%,60%
 qw1,Turkey,3583,1.21,255.5,1.29,152.7,0.91,0.71,0.14,0.22,0.15,25%,60%
 JuW,Armenia,461,1.21,253.4,1.18,164.0,0.85,0.72,0.29,0.15,0.12,19%,57%
 Asuna,United States,6205,1.21,251.2,1.11,159.4,0.83,0.75,0.27,0.17,0.14,21%,55%
 penny,Canada,3852,1.21,247.8,1.27,153.2,0.87,0.69,0.20,0.17,0.13,20%,56%
 GabZz,Mexico,1209,1.21,243.9,1.31,161.5,0.87,0.67,0.24,0.15,0.10,24%,59%
 sheydos,Russia,4543,1.21,243.9,1.42,156.7,0.87,0.61,0.23,0.11,0.07,27%,63%
 Shawn,United States,4801,1.21,243.2,1.21,153.4,0.84,0.69,0.28,0.13,0.10,23%,57%
 hoody,Finland,4616,1.21,239.8,1.30,151.4,0.84,0.65,0.26,0.15,0.11,24%,59%
 Redkillx,not found,617,1.21,232.6,1.10,135.5,0.74,0.67,0.21,0.14,0.09,19%,61%
 AtaKaptan,Turkey,3734,1.21,224.0,1.22,142.1,0.79,0.65,0.39,0.09,0.08,27%,54%
 Drakk,Colombia,1031,1.20,252.3,1.22,154.9,0.88,0.72,0.19,0.20,0.14,24%,59%
 xandfps,Brazil,3166,1.20,251.5,1.19,151.0,0.86,0.72,0.21,0.19,0.12,22%,60%
 Will,Canada,6049,1.20,245.9,1.24,151.2,0.86,0.69,0.25,0.13,0.10,16%,56%
 vakk,Lithuania,5425,1.20,240.3,1.24,147.8,0.84,0.68,0.24,0.15,0.11,24%,59%
 isaa,Brazil,3540,1.20,239.9,1.28,151.5,0.85,0.66,0.25,0.16,0.11,25%,59%
 Kanpeki,United States,7222,1.20,234.7,1.19,145.6,0.84,0.71,0.24,0.16,0.11,22%,59%
 Critical,Canada,19824,1.20,230.5,1.18,150.4,0.79,0.67,0.34,0.10,0.08,22%,54%
 eeiu,Canada,5742,1.20,227.1,1.26,149.3,0.80,0.63,0.34,0.08,0.05,27%,59%
 jzz,Brazil,966,1.19,257.9,1.17,165.7,0.89,0.76,0.15,0.20,0.15,27%,57%
 sakurai,Japan,1730,1.19,255.6,1.24,163.0,0.90,0.72,0.16,0.21,0.12,33%,64%
 B1SK,Russia,4369,1.19,251.7,1.17,154.2,0.86,0.73,0.16,0.23,0.17,25%,58%
 Anthem,Japan,1627,1.19,244.6,1.17,157.0,0.85,0.72,0.21,0.16,0.14,21%,54%
 Ccapi,Armenia,566,1.19,244.4,1.26,152.6,0.86,0.68,0.25,0.12,0.09,25%,57%
 PxS,Brazil,2408,1.19,243.6,1.21,155.3,0.82,0.67,0.29,0.17,0.12,15%,57%
 Brinks ,Brazil,2392,1.19,242.4,1.21,153.2,0.83,0.68,0.27,0.12,0.10,21%,55%
 ardiis,Latvia,4149,1.19,238.0,1.22,149.1,0.80,0.66,0.36,0.12,0.05,20%,68%
 Meiy,Japan,1727,1.19,236.8,1.21,149.1,0.84,0.70,0.26,0.14,0.10,21%,58%
 Obnoks,Germany,4233,1.19,236.8,1.23,149.5,0.84,0.68,0.26,0.11,0.09,25%,54%
 shion,Brazil,2540,1.19,236.0,1.24,148.4,0.82,0.66,0.38,0.10,0.07,21%,60%
 Mazino,Chile,2598,1.19,234.1,1.25,146.1,0.81,0.65,0.34,0.11,0.09,22%,56%
 SicK,United States,6468,1.19,228.6,1.24,145.5,0.81,0.65,0.30,0.12,0.07,24%,61%
 Anqh,Paraguay,368,1.19,226.7,1.21,148.3,0.83,0.68,0.30,0.10,0.07,23%,57%
 LOB,South Korea,1325,1.19,222.0,1.30,145.3,0.79,0.61,0.33,0.06,0.06,25%,49%
 gobera,Brazil,335,1.18,257.4,1.14,164.6,0.87,0.77,0.21,0.16,0.10,22%,61%
 Meteor,South Korea,1072,1.18,252.6,1.18,153.0,0.86,0.73,0.21,0.20,0.17,21%,54%
 Fisker,Japan,2992,1.18,250.2,1.19,156.3,0.88,0.74,0.20,0.22,0.16,26%,58%
 silentzz,Brazil,1700,1.18,248.5,1.16,161.2,0.88,0.75,0.21,0.14,0.11,27%,56%
 musashi,Germany,4324,1.18,247.8,1.20,153.4,0.86,0.71,0.22,0.16,0.14,25%,54%
 Mited,Colombia,2329,1.18,247.6,1.23,159.2,0.86,0.70,0.24,0.14,0.10,22%,58%
 hyeoni,South Korea,506,1.18,243.4,1.31,149.2,0.87,0.67,0.15,0.10,0.08,31%,55%
 Devilia,Armenia,368,1.18,238.5,1.25,152.6,0.79,0.63,0.25,0.13,0.09,17%,60%
 tex,United States,5158,1.18,238.0,1.19,152.4,0.83,0.70,0.25,0.15,0.12,30%,55%
 ROK3T,South Korea,1485,1.18,236.6,1.18,147.0,0.79,0.67,0.20,0.14,0.15,21%,50%
 exy,South Korea,2579,1.18,235.8,1.27,149.8,0.84,0.66,0.23,0.12,0.10,32%,55%
 marin,Japan,2199,1.18,233.5,1.13,143.3,0.81,0.71,0.22,0.17,0.15,19%,53%
 Victor,United States,4999,1.18,233.4,1.17,147.0,0.79,0.68,0.29,0.14,0.10,22%,58%
 mada,Canada,4823,1.18,232.2,1.12,148.2,0.80,0.71,0.26,0.15,0.13,26%,53%
 Sayaplayer,South Korea,2966,1.18,230.2,1.26,146.6,0.81,0.65,0.20,0.16,0.13,26%,56%
 Lakia,South Korea,2327,1.18,230.1,1.26,146.5,0.80,0.64,0.30,0.11,0.09,24%,56%
 akaone,South Korea,961,1.18,228.8,1.06,147.5,0.79,0.74,0.23,0.16,0.14,29%,55%
 zeithyV,Armenia,1102,1.17,252.1,1.14,152.7,0.86,0.76,0.20,0.20,0.16,23%,55%
 Mempho,Armenia,502,1.17,247.0,1.12,169.8,0.82,0.74,0.33,0.13,0.14,20%,49%
 polvi,Finland,4804,1.17,245.7,1.15,151.7,0.83,0.72,0.22,0.19,0.16,19%,54%
 allow,South Korea,2756,1.17,244.4,1.23,150.3,0.85,0.69,0.17,0.17,0.12,24%,57%
 corey,United States,5529,1.17,242.9,1.21,157.8,0.83,0.69,0.23,0.13,0.10,26%,57%
 antG,Brazil,2391,1.17,242.3,1.15,155.6,0.84,0.73,0.28,0.13,0.12,19%,52%
 Biazik,Brazil,2137,1.17,242.2,1.18,157.8,0.83,0.70,0.29,0.14,0.11,19%,55%
 tuyz,Brazil,2899,1.17,239.0,1.20,147.8,0.81,0.68,0.22,0.17,0.11,24%,60%
 jcrueL,United States,7545,1.17,238.6,1.29,145.6,0.85,0.66,0.17,0.17,0.10,19%,64%
 AslaN,Germany,4635,1.17,235.2,1.23,146.6,0.81,0.66,0.21,0.15,0.12,24%,56%
 Suggest,South Korea,2761,1.17,231.6,1.29,146.3,0.82,0.63,0.25,0.12,0.09,33%,57%
 Dobsha,Dominican Republic,2611,1.17,231.1,1.34,142.7,0.83,0.62,0.16,0.15,0.09,20%,62%
 REAZY,Turkey,2325,1.17,230.3,1.24,149.3,0.82,0.66,0.28,0.13,0.09,32%,59%
 c4Lypso,Canada,4198,1.17,228.8,1.23,144.8,0.82,0.66,0.21,0.11,0.06,30%,63%
 Wval,Armenia,718,1.17,228.5,1.32,147.4,0.84,0.64,0.21,0.12,0.09,26%,58%
 Bdog,United States,5626,1.17,227.5,1.25,143.9,0.82,0.66,0.24,0.12,0.09,22%,58%
 Feniz,Costa Rica,1989,1.17,227.1,1.35,146.5,0.82,0.61,0.25,0.09,0.07,26%,57%
 nAts,Russia,4999,1.17,226.9,1.29,143.8,0.81,0.63,0.25,0.10,0.08,29%,54%
 Moe,United Kingdom,3697,1.17,223.4,1.25,144.9,0.78,0.62,0.35,0.11,0.08,29%,57%
 HATE,South Korea,1526,1.17,221.4,1.22,137.0,0.80,0.65,0.22,0.10,0.09,30%,52%
 FifTy,Japan,604,1.17,199.6,1.10,130.7,0.68,0.61,0.32,0.09,0.06,18%,60%
 Zyppan,Sweden,4166,1.16,256.8,1.27,153.8,0.86,0.68,0.26,0.16,0.08,24%,66%
 WinteryRook,Belarus,4059,1.16,247.5,1.12,154.7,0.82,0.74,0.27,0.17,0.14,20%,54%
 takej,Japan,6774,1.16,239.7,1.31,151.7,0.85,0.65,0.24,0.14,0.10,31%,58%
 ANDROID,Canada,5548,1.16,239.7,1.28,153.4,0.84,0.65,0.22,0.13,0.10,29%,57%
 Harmful,United States,4108,1.16,239.1,1.16,149.4,0.85,0.73,0.16,0.19,0.15,26%,55%
 feqew,Lithuania,5173,1.16,238.1,1.30,153.4,0.86,0.66,0.22,0.14,0.10,26%,57%
 Paint,Japan,356,1.16,235.8,1.16,156.0,0.81,0.71,0.28,0.08,0.05,26%,60%
 Shao,Russia,4717,1.16,235.5,1.38,144.9,0.82,0.60,0.31,0.08,0.04,27%,69%
 lauress,Turkey,4881,1.16,232.2,1.29,150.4,0.84,0.65,0.21,0.09,0.07,29%,55%
 Tacolillalzh,Chile,3787,1.16,231.9,1.26,143.4,0.82,0.65,0.24,0.15,0.11,19%,58%
 Brave,Turkey,3235,1.16,229.3,1.18,147.2,0.81,0.69,0.27,0.12,0.10,30%,55%
 rhyme,Bosnia and Herzegovina,4949,1.16,225.5,1.11,149.0,0.77,0.69,0.25,0.14,0.08,29%,63%
 Adrian,Mexico,2124,1.16,224.9,1.08,138.8,0.77,0.72,0.37,0.10,0.10,17%,50%
 valyn,United States,7640,1.16,224.2,1.18,141.3,0.79,0.67,0.30,0.10,0.08,22%,55%
 Xeppaa,United States,1762,1.16,219.7,1.15,140.7,0.78,0.67,0.37,0.09,0.07,20%,57%
 Beast,Argentina,3296,1.16,218.5,1.19,134.0,0.73,0.61,0.39,0.08,0.06,17%,56%
 cortezia,Brazil,639,1.15,254.8,1.14,165.1,0.84,0.74,0.21,0.16,0.17,22%,48%
 Jonn,Brazil,3340,1.15,244.2,1.20,151.8,0.86,0.72,0.21,0.16,0.14,27%,53%
 Rb,South Korea,3097,1.15,238.2,1.37,143.5,0.83,0.61,0.18,0.18,0.13,24%,58%
 QutionerX,Turkey,2490,1.15,237.6,1.22,148.1,0.84,0.69,0.19,0.14,0.11,25%,57%
 AsLanM4shadoW,Turkey,4118,1.15,237.0,1.13,150.7,0.83,0.74,0.21,0.12,0.09,30%,59%
 HaReeee,Japan,3301,1.15,236.9,1.17,145.9,0.83,0.71,0.21,0.14,0.10,27%,60%
 dizzyLife,Australia,6289,1.15,235.9,1.29,147.3,0.83,0.64,0.22,0.16,0.12,16%,57%
 vo0kashu,Russia,3947,1.15,234.8,1.25,149.6,0.84,0.67,0.22,0.13,0.10,26%,56%
 XXiF,Canada,7216,1.15,233.1,1.29,150.9,0.82,0.64,0.25,0.13,0.09,25%,60%
 YaBoiDre,United States,5867,1.15,232.8,1.15,152.6,0.82,0.72,0.24,0.11,0.09,27%,54%
 Sayf,Sweden,4211,1.15,231.2,1.26,150.1,0.81,0.64,0.22,0.12,0.07,21%,63%
 Johnqt,Morocco,2407,1.15,228.8,1.35,146.4,0.84,0.62,0.17,0.12,0.07,25%,64%
 ntk,Brazil,3191,1.15,227.4,1.13,145.7,0.76,0.67,0.37,0.10,0.07,18%,59%
 iNTRO,South Korea,2367,1.15,227.4,1.21,142.0,0.80,0.66,0.27,0.11,0.10,31%,52%
 JonahP,Canada,6060,1.15,224.9,1.20,146.3,0.79,0.66,0.31,0.12,0.10,26%,54%
 krain,Brazil,2728,1.15,219.7,1.28,139.9,0.77,0.60,0.34,0.08,0.05,21%,63%
 jlerst,Turkey,3182,1.15,217.0,1.15,140.5,0.78,0.68,0.27,0.07,0.08,27%,48%
 stax,South Korea,3173,1.15,215.8,1.37,137.3,0.79,0.58,0.38,0.08,0.06,32%,57%
 LeviathanAG,United States,5697,1.15,215.1,1.15,138.4,0.72,0.62,0.43,0.09,0.07,18%,55%
 Xuto,Peru,779,1.14,245.8,1.13,153.9,0.86,0.77,0.18,0.19,0.16,27%,53%
 NagZet,Chile,3580,1.14,245.0,1.42,148.6,0.85,0.60,0.19,0.20,0.11,20%,63%
 m1xwell,Spain,5354,1.14,243.4,1.25,146.3,0.84,0.68,0.21,0.16,0.08,22%,66%
 rubkkoide,Argentina,1425,1.14,240.8,1.27,155.4,0.85,0.67,0.20,0.18,0.12,27%,60%
 sinatraa,United States,3887,1.14,240.2,1.09,153.9,0.79,0.72,0.41,0.13,0.07,16%,64%
 Tuli,Chile,1845,1.14,239.1,1.13,151.3,0.81,0.71,0.29,0.15,0.13,21%,53%
 VPNCNP,Turkey,2812,1.14,238.9,1.17,159.6,0.83,0.71,0.21,0.11,0.10,28%,53%
 GatsH,France,3782,1.14,238.7,1.26,146.9,0.85,0.67,0.19,0.16,0.10,16%,61%
 nzr,Argentina,3445,1.14,238.0,1.45,153.4,0.83,0.57,0.34,0.07,0.05,18%,61%
 BennY,Germany,4251,1.14,237.3,1.10,152.1,0.81,0.74,0.26,0.13,0.14,23%,49%
 Cryptid,Mexico,424,1.14,236.7,1.18,151.3,0.78,0.67,0.25,0.17,0.16,19%,51%
 zeek,Poland,4512,1.14,236.0,1.29,150.3,0.81,0.63,0.30,0.11,0.08,20%,59%
 alca,Chile,3549,1.14,234.3,1.09,148.7,0.80,0.73,0.29,0.14,0.13,26%,53%
 Munchkin,South Korea,2788,1.14,230.7,1.20,145.6,0.79,0.66,0.25,0.15,0.12,23%,54%
 shonk,United States,3095,1.14,228.3,1.21,147.2,0.82,0.68,0.21,0.11,0.09,33%,55%
 Shuzz,South Korea,1793,1.14,225.3,1.09,138.7,0.77,0.71,0.28,0.10,0.12,25%,47%
 Andrehs,Venezuela,631,1.14,224.1,1.22,150.9,0.79,0.65,0.32,0.13,0.13,23%,51%
 sterben,Turkey,4126,1.14,224.0,1.21,145.5,0.81,0.67,0.29,0.09,0.09,30%,50%
 MrFaliN,Turkey,3584,1.14,223.0,1.17,145.9,0.74,0.63,0.38,0.08,0.06,22%,57%
 Chronicle,Russia,4663,1.14,222.1,1.25,143.2,0.77,0.62,0.32,0.09,0.07,25%,56%
 BLD,Brazil,2904,1.14,221.4,1.16,143.4,0.80,0.69,0.25,0.14,0.11,30%,57%
 bang,United States,5928,1.14,218.7,1.17,139.3,0.79,0.67,0.26,0.10,0.09,32%,54%
 crashies,United States,4999,1.14,217.6,1.17,141.8,0.76,0.65,0.33,0.08,0.06,25%,56%
 brawk,United States,6392,1.14,216.2,1.18,145.1,0.74,0.63,0.36,0.06,0.05,23%,59%
 skuba,United States,4479,1.14,214.8,1.21,139.5,0.79,0.65,0.29,0.07,0.06,28%,55%
 AlKawai,Japan,301,1.14,211.4,1.17,134.2,0.75,0.64,0.44,0.05,0.07,22%,44%
 PapamoE,Turkey,473,1.13,242.5,1.10,150.5,0.84,0.77,0.22,0.15,0.14,23%,53%
 scourge,United States,7020,1.13,240.6,1.18,154.6,0.84,0.72,0.19,0.15,0.13,33%,55%
 dynamic,United States,7381,1.13,238.0,1.18,151.2,0.84,0.71,0.18,0.17,0.14,27%,56%
 Katojin,Brazil,1293,1.13,234.9,1.18,148.7,0.80,0.67,0.24,0.12,0.08,18%,59%
 ZexRow,United States,3796,1.13,234.2,1.17,148.3,0.81,0.70,0.21,0.15,0.11,20%,57%
 mittiii,Japan,2230,1.13,234.0,1.19,140.6,0.81,0.68,0.24,0.18,0.12,17%,61%
 Doma,Croatia,4994,1.13,233.6,1.18,149.1,0.82,0.69,0.24,0.12,0.10,25%,56%
 Ant,Brazil,648,1.13,232.8,1.18,145.8,0.81,0.69,0.22,0.13,0.12,27%,52%
 Minty,Japan,2064,1.13,232.6,1.19,148.6,0.81,0.68,0.21,0.12,0.10,22%,54%
 ban,United States,7325,1.13,232.6,1.14,145.4,0.82,0.72,0.21,0.16,0.13,25%,56%
 jfoeN,Colombia,3586,1.13,231.1,1.20,144.3,0.80,0.66,0.30,0.15,0.12,22%,55%
 Baez,Colombia,1620,1.13,230.7,1.18,142.2,0.81,0.69,0.21,0.15,0.11,30%,58%
 Dcop,Mexico,7217,1.13,228.9,1.11,147.6,0.76,0.69,0.38,0.12,0.10,19%,56%
 trent,United States,2963,1.13,227.1,1.16,149.9,0.80,0.69,0.30,0.09,0.08,28%,53%
 flabben,Russia,2832,1.13,225.7,1.27,146.5,0.80,0.63,0.23,0.11,0.08,26%,58%
 pdr,Brazil,575,1.13,224.8,1.09,144.5,0.77,0.71,0.31,0.09,0.09,28%,49%
 Bufon,not found,1248,1.13,224.8,1.13,143.8,0.76,0.68,0.28,0.13,0.13,17%,50%
 retrQ,United States,10397,1.13,224.0,1.17,142.3,0.79,0.67,0.26,0.10,0.09,25%,53%
 karo,Venezuela,415,1.13,223.0,1.24,148.1,0.77,0.62,0.32,0.12,0.08,17%,60%
 paTiTek,Poland,5396,1.13,222.7,1.14,136.4,0.78,0.68,0.26,0.12,0.07,24%,64%
 JSUNG,United States,6065,1.13,220.9,1.16,149.7,0.78,0.68,0.29,0.08,0.06,28%,57%
 bnj,Argentina,2008,1.13,220.5,1.18,140.9,0.75,0.63,0.37,0.09,0.07,23%,56%
 Edudz,Brazil,479,1.12,241.3,1.09,158.3,0.83,0.76,0.20,0.18,0.20,21%,46%
 MrMariachi,Armenia,393,1.12,240.9,1.18,152.8,0.87,0.73,0.24,0.17,0.13,21%,57%
 Suther,Chile,2703,1.12,240.1,1.20,154.1,0.82,0.69,0.27,0.12,0.11,19%,52%
 let,Brazil,2054,1.12,239.7,1.09,150.7,0.81,0.74,0.23,0.19,0.15,24%,55%
 Boostio,United States,6780,1.12,236.2,1.15,148.5,0.83,0.72,0.18,0.16,0.12,27%,56%
 mummEy,Colombia,1015,1.12,235.9,1.09,150.0,0.79,0.73,0.29,0.16,0.14,18%,53%
 chiwawa,Russia,4153,1.12,233.9,1.21,145.2,0.82,0.67,0.24,0.12,0.08,25%,60%
 mina,United States,9234,1.12,233.3,1.13,144.6,0.81,0.72,0.22,0.16,0.13,22%,55%
 Reita,Japan,3429,1.12,233.1,1.28,141.7,0.82,0.64,0.20,0.17,0.10,21%,62%
 juseu,Ireland,4604,1.12,232.5,1.14,143.5,0.82,0.71,0.20,0.15,0.12,28%,56%
 Nanners,United States,8554,1.12,229.8,1.14,147.5,0.79,0.69,0.26,0.12,0.11,23%,52%
 Temperature,United States,5063,1.12,229.3,1.09,148.4,0.78,0.72,0.32,0.09,0.09,26%,52%
 ALL3Y,Turkey,1714,1.12,229.2,1.19,148.7,0.82,0.70,0.19,0.16,0.14,36%,52%
 BandiCoot,Colombia,2945,1.12,228.6,1.29,141.8,0.80,0.62,0.23,0.15,0.11,20%,57%
 s0m,United States,5431,1.12,225.3,1.19,140.0,0.80,0.67,0.20,0.14,0.11,25%,56%
 HANLING,Argentina,2018,1.12,223.4,1.14,140.1,0.78,0.69,0.27,0.14,0.12,27%,53%
 Jerk,Canada,19258,1.12,223.1,1.13,143.1,0.77,0.68,0.30,0.09,0.08,16%,54%
 frei,United Kingdom,3619,1.12,222.8,1.20,142.5,0.79,0.66,0.31,0.09,0.07,24%,56%
 Evilkyk,Brazil,6288,1.12,213.7,1.12,137.6,0.75,0.67,0.33,0.09,0.08,27%,54%
 starxo,Poland,5117,1.12,210.2,1.16,131.1,0.74,0.63,0.30,0.08,0.07,23%,55%
 Fael vem Forte,Brazil,347,1.12,210.2,1.18,135.4,0.77,0.65,0.22,0.09,0.07,24%,55%
 Neal X,South Korea,673,1.11,240.4,1.13,149.3,0.85,0.75,0.18,0.15,0.12,17%,56%
 thief,United States,7539,1.11,232.6,1.12,148.5,0.82,0.73,0.20,0.14,0.12,28%,52%
 Raizen,Spain,3202,1.11,230.7,1.12,144.6,0.76,0.68,0.31,0.12,0.10,19%,55%
 bezn1,Brazil,2330,1.11,230.1,1.09,144.8,0.79,0.72,0.26,0.15,0.13,23%,54%
 jawgemo,United States,5117,1.11,229.3,1.08,145.1,0.79,0.74,0.27,0.12,0.13,20%,49%
 SoOn,France,2289,1.11,228.5,1.25,145.5,0.81,0.65,0.19,0.16,0.11,21%,59%
 Art,Japan,1202,1.11,227.7,1.25,137.6,0.79,0.63,0.25,0.07,0.06,13%,56%
 Shanks,Canada,5501,1.11,227.3,1.12,135.8,0.79,0.71,0.21,0.17,0.13,17%,57%
 Peloncito,Mexico,998,1.11,222.8,1.06,147.9,0.76,0.72,0.36,0.10,0.09,29%,53%
 Persia,South Korea,1529,1.11,220.9,1.13,138.1,0.74,0.65,0.34,0.12,0.10,19%,56%
 malice666,Canada,1476,1.11,220.6,1.12,141.0,0.79,0.71,0.28,0.09,0.08,22%,53%
 pancho,Mexico,2375,1.11,219.9,1.08,144.3,0.72,0.66,0.42,0.09,0.09,20%,51%
 jmoh,United States,6233,1.11,219.7,1.19,134.9,0.78,0.65,0.21,0.14,0.10,16%,58%
 p0wa77,Turkey,4508,1.11,219.5,1.12,142.1,0.78,0.70,0.27,0.10,0.08,30%,55%
 Sunday,South Korea,1307,1.11,219.4,1.15,142.7,0.75,0.65,0.32,0.11,0.07,26%,60%
 SUYGETSU,Russia,4078,1.11,219.3,1.28,142.2,0.81,0.63,0.20,0.10,0.07,31%,58%
 TENSAI,South Korea,2737,1.11,218.8,1.08,145.6,0.74,0.68,0.35,0.08,0.06,21%,57%
 geeza,United States,5055,1.11,217.8,1.16,142.4,0.77,0.67,0.28,0.08,0.07,30%,54%
 7ssk7,Belarus,4980,1.11,216.6,1.11,141.1,0.77,0.69,0.23,0.14,0.11,27%,57%
 Crunchy,Australia,7372,1.11,213.7,1.17,134.6,0.77,0.66,0.27,0.11,0.09,28%,54%
 Antnox,Venezuela,1562,1.11,211.5,1.16,134.7,0.75,0.65,0.33,0.07,0.07,18%,52%
 Boo,Lithuania,5105,1.11,207.4,1.20,133.0,0.75,0.62,0.30,0.10,0.08,30%,57%
 Rain,South Korea,1081,1.10,251.9,1.02,155.4,0.82,0.80,0.23,0.24,0.23,19%,51%
 snw,Brazil,1057,1.10,238.5,1.09,147.7,0.82,0.76,0.18,0.17,0.15,26%,52%
 DubzWoW,Turkey,3325,1.10,235.1,1.06,149.0,0.79,0.74,0.26,0.16,0.15,17%,50%
 b0ssy,Canada,7519,1.10,234.8,1.05,148.3,0.78,0.75,0.26,0.16,0.15,22%,51%
 Danielesflo,Colombia,3537,1.10,232.5,1.19,144.5,0.77,0.65,0.35,0.12,0.10,21%,55%
 lin,Canada,8331,1.10,230.4,1.16,144.1,0.81,0.70,0.20,0.17,0.13,19%,58%
 Shyz,Brazil,3534,1.10,229.4,1.10,149.2,0.78,0.70,0.26,0.14,0.12,19%,54%
 XiSTOU,Turkey,3523,1.10,228.8,1.17,145.3,0.79,0.68,0.22,0.11,0.09,26%,56%
 d3ffo,Russia,4576,1.10,228.7,1.24,138.3,0.80,0.64,0.18,0.19,0.13,22%,59%
 glym,Brazil,1817,1.10,227.9,1.17,140.1,0.80,0.68,0.19,0.15,0.13,18%,53%
 Fizzy,Portugal,3734,1.10,224.2,1.23,143.9,0.79,0.64,0.22,0.11,0.09,23%,54%
 Governor,United States,16056,1.10,223.7,1.08,143.1,0.77,0.72,0.26,0.14,0.12,23%,53%
 v1c,United States,2291,1.10,223.6,1.08,148.3,0.78,0.72,0.26,0.12,0.12,26%,51%
 ezy-,Colombia,740,1.10,223.5,1.09,139.3,0.79,0.72,0.18,0.15,0.11,25%,59%
 zakkv,Brazil,5950,1.10,221.7,1.13,145.7,0.75,0.66,0.37,0.09,0.08,21%,53%
 Darker,Colombia,1216,1.10,220.4,1.08,135.9,0.76,0.70,0.27,0.09,0.10,29%,49%
 LucasVade,Chile,2336,1.10,219.7,1.20,141.3,0.78,0.65,0.28,0.08,0.08,20%,48%
 Docks,Brazil,1361,1.10,218.0,1.20,137.9,0.75,0.63,0.30,0.08,0.07,16%,55%
 curry,United States,2911,1.10,216.7,1.17,137.8,0.77,0.66,0.27,0.11,0.11,25%,50%
 Russ,United Kingdom,5641,1.10,214.1,1.13,134.3,0.74,0.66,0.28,0.12,0.11,29%,52%
 JoXJo,South Korea,1787,1.10,213.3,1.05,140.2,0.72,0.69,0.38,0.11,0.09,21%,55%
 SEIDER,Denmark,4719,1.10,212.0,1.12,132.3,0.76,0.68,0.28,0.10,0.09,30%,53%
 Derrek,United States,5408,1.10,211.0,1.18,139.6,0.73,0.61,0.36,0.07,0.05,25%,62%
 Mickebwoy,Poland,3317,1.10,210.6,1.13,134.5,0.74,0.65,0.33,0.07,0.06,24%,54%
 runi,United States,4208,1.10,209.9,1.15,144.5,0.72,0.63,0.39,0.07,0.06,24%,55%
 Adverso,Chile,3787,1.10,208.6,1.18,132.8,0.73,0.62,0.34,0.10,0.09,22%,52%
 Genghsta,Mongolia,7616,1.10,207.2,1.19,141.9,0.72,0.61,0.35,0.07,0.04,26%,65%
 faceroll,Germany,307,1.10,203.3,1.04,123.6,0.72,0.69,0.36,0.10,0.09,20%,53%
 H1yaA,South Korea,1405,1.10,200.8,1.11,128.6,0.69,0.62,0.36,0.07,0.06,16%,52%
 Zenakukin,Japan,1299,1.09,233.6,1.13,149.4,0.79,0.70,0.26,0.14,0.11,23%,55%
 MAGNUM,Czech Republic,4255,1.09,230.0,1.13,144.2,0.79,0.70,0.25,0.13,0.11,25%,53%
 Wait,Chile,1571,1.09,229.4,1.07,145.9,0.76,0.71,0.40,0.08,0.08,17%,50%
 BRNWOWZK1,Brazil,2068,1.09,227.7,1.16,142.6,0.78,0.67,0.24,0.14,0.09,17%,60%
 Touven,Turkey,2987,1.09,225.7,1.03,150.3,0.76,0.74,0.31,0.11,0.11,23%,50%
 Subroza,Canada,6220,1.09,225.4,1.10,141.6,0.78,0.70,0.25,0.13,0.10,27%,58%
 blitzeN,France,3219,1.09,223.2,1.16,139.5,0.80,0.69,0.18,0.15,0.12,32%,56%
 Apex,United States,3971,1.09,223.0,1.07,145.3,0.80,0.74,0.22,0.11,0.11,36%,50%
 Flossie,Argentina,462,1.09,220.5,1.10,146.9,0.77,0.70,0.28,0.08,0.08,23%,50%
 kon4n,Brazil,3391,1.09,220.0,1.13,143.5,0.76,0.67,0.29,0.10,0.09,24%,51%
 xlkurama,not found,602,1.09,219.9,1.09,143.9,0.74,0.68,0.22,0.09,0.10,23%,48%
 hype,Lithuania,5041,1.09,215.9,1.15,141.8,0.75,0.65,0.25,0.09,0.08,23%,52%
 BcJ,United States,5170,1.09,215.3,1.13,143.0,0.73,0.65,0.36,0.09,0.08,18%,54%
 luckeRRR,Germany,6591,1.09,214.9,1.12,133.4,0.76,0.67,0.22,0.14,0.07,24%,65%
 truo,Canada,4131,1.09,214.2,1.19,137.6,0.77,0.65,0.25,0.11,0.08,31%,58%
 clz,Japan,2126,1.09,210.3,1.16,132.8,0.74,0.64,0.30,0.10,0.09,23%,53%
 luqz,Brazil,4110,1.09,209.4,1.12,142.5,0.72,0.64,0.37,0.06,0.05,30%,53%
 Zander,Canada,6636,1.09,208.3,1.15,132.5,0.74,0.64,0.30,0.09,0.08,23%,53%
 supamen,United States,4290,1.09,206.2,1.12,129.8,0.74,0.66,0.29,0.08,0.07,30%,52%
 Cender,Lithuania,4664,1.09,205.0,1.14,132.5,0.74,0.65,0.33,0.09,0.08,28%,54%
 Gucc107,United States,7375,1.09,203.2,1.11,130.4,0.73,0.66,0.34,0.07,0.06,24%,54%
 DeNaro,Brazil,2858,1.09,203.0,1.10,134.9,0.69,0.63,0.38,0.06,0.05,21%,52%
 Destrian,Lithuania,4159,1.09,198.9,1.16,132.0,0.71,0.61,0.37,0.09,0.06,24%,58%
 Dualing,Japan,704,1.08,226.8,1.06,143.7,0.78,0.74,0.24,0.17,0.17,24%,50%
 Kehmicals,Canada,3865,1.08,225.8,1.17,140.1,0.79,0.67,0.21,0.15,0.12,19%,56%
 TISORA,Brazil,5494,1.08,225.0,1.14,139.6,0.80,0.70,0.20,0.15,0.14,18%,52%
 Galaxy,South Korea,836,1.08,223.1,1.13,142.6,0.78,0.69,0.27,0.09,0.08,25%,53%
 Enjoy,United States,5778,1.08,223.1,1.14,144.2,0.78,0.69,0.20,0.12,0.10,20%,56%
 Violence-,Mexico,2486,1.08,222.9,1.09,135.7,0.78,0.72,0.21,0.15,0.14,18%,51%
 kobra,South Korea,1739,1.08,220.3,1.09,135.2,0.77,0.70,0.20,0.14,0.11,28%,57%
 Jamppi,Finland,2774,1.08,220.0,1.21,134.2,0.79,0.66,0.20,0.18,0.14,23%,55%
 BladeZ,Brazil,1447,1.08,219.9,1.15,139.8,0.77,0.67,0.24,0.13,0.12,26%,52%
 Dark3st,United States,5188,1.08,219.8,1.07,143.9,0.76,0.71,0.31,0.13,0.12,25%,51%
 Kr1stal,Russia,1027,1.08,219.3,1.17,137.2,0.78,0.67,0.22,0.14,0.12,23%,54%
 gtn,Brazil,2584,1.08,219.3,1.12,139.3,0.75,0.68,0.27,0.11,0.10,18%,52%
 ten,Japan,2165,1.08,218.3,1.08,140.4,0.75,0.69,0.30,0.12,0.11,22%,51%
 gMd,Canada,6590,1.08,218.1,1.16,138.6,0.78,0.67,0.28,0.09,0.07,26%,54%
 Marved,Canada,4499,1.08,216.0,1.09,136.0,0.76,0.70,0.24,0.11,0.10,30%,52%
 C0M,United States,5367,1.08,215.3,1.19,139.8,0.75,0.63,0.27,0.10,0.08,23%,55%
 xms,France,2000,1.08,214.3,1.17,137.7,0.77,0.66,0.24,0.09,0.08,29%,53%
 xnfri ,Japan,1127,1.08,213.9,1.10,141.3,0.73,0.67,0.27,0.13,0.11,24%,54%
 Paincakes,United States,7385,1.08,212.6,1.15,133.6,0.76,0.66,0.29,0.09,0.08,25%,53%
 stanley,United Kingdom,3886,1.08,210.8,1.12,134.5,0.76,0.68,0.26,0.09,0.08,27%,52%
 PeruvianMonsta,Peru,608,1.08,209.5,1.05,152.2,0.72,0.68,0.28,0.09,0.09,21%,50%
 Melser,Chile,3688,1.08,205.4,1.20,131.7,0.73,0.61,0.31,0.09,0.06,24%,58%
 RgLM,Brazil,2212,1.08,205.1,1.21,133.6,0.76,0.63,0.25,0.06,0.04,20%,58%
 LiNLiN,Armenia,785,1.08,204.7,1.04,136.8,0.71,0.68,0.40,0.09,0.11,25%,46%
 xeta,South Korea,4270,1.08,204.4,1.16,131.9,0.71,0.61,0.36,0.07,0.06,22%,53%
 Rossy,United States,5491,1.08,203.1,1.06,132.5,0.72,0.67,0.35,0.08,0.08,24%,52%
 RHZ,Brazil,1121,1.08,202.2,1.08,128.2,0.74,0.68,0.30,0.06,0.09,22%,42%
 PureR,United States,4671,1.07,231.0,1.13,140.4,0.82,0.72,0.19,0.16,0.13,22%,55%
 Ssun,South Korea,577,1.07,229.9,1.01,148.3,0.79,0.79,0.19,0.16,0.11,21%,60%
 qck,Brazil,2879,1.07,226.5,1.12,137.8,0.79,0.70,0.25,0.15,0.12,22%,55%
 epathy,United States,3272,1.07,225.2,1.12,140.2,0.80,0.72,0.15,0.17,0.13,27%,56%
 Bramz,Tunisia,5117,1.07,224.6,1.17,138.9,0.80,0.68,0.18,0.13,0.10,25%,57%
 aimDLL,Turkey,3658,1.07,222.6,1.24,145.9,0.79,0.63,0.24,0.09,0.07,28%,57%
 rodeN,France,4642,1.07,222.3,1.11,139.3,0.76,0.68,0.26,0.12,0.10,22%,55%
 neth,Japan,2889,1.07,221.5,1.23,137.0,0.79,0.64,0.22,0.11,0.07,20%,60%
 francez,Brazil,621,1.07,220.6,0.99,139.2,0.73,0.74,0.32,0.10,0.10,24%,51%
 ShahZaM,United States,6459,1.07,220.4,1.20,136.2,0.78,0.65,0.24,0.11,0.07,23%,61%
 cuda,Taiwan,581,1.07,219.8,1.02,143.8,0.75,0.73,0.29,0.09,0.06,20%,58%
 Trick,United States,5040,1.07,219.3,1.01,143.2,0.73,0.73,0.33,0.12,0.11,16%,51%
 diewijAs,Chile,1647,1.07,218.6,1.14,139.0,0.74,0.65,0.27,0.09,0.08,16%,54%
 RieNs,Turkey,2791,1.07,217.5,1.04,137.2,0.76,0.73,0.27,0.16,0.12,27%,56%
 Dreamas,Lithuania,4980,1.07,217.4,1.21,143.6,0.77,0.63,0.22,0.11,0.08,20%,57%
 prince,Brazil,1808,1.07,216.9,1.12,140.5,0.76,0.67,0.28,0.11,0.11,22%,52%
 Mizu,Argentina,3792,1.07,215.7,1.11,134.2,0.77,0.69,0.18,0.15,0.13,34%,53%
 vaiZ,Chile,2348,1.07,215.6,1.15,133.4,0.75,0.65,0.26,0.10,0.08,20%,57%
 PryZee,Brazil,2429,1.07,214.5,1.11,137.5,0.76,0.68,0.23,0.11,0.09,19%,55%
 Closer,Argentina,2688,1.07,213.4,1.18,133.4,0.74,0.63,0.26,0.11,0.08,21%,57%
 soulcas,United Kingdom,5234,1.07,212.7,1.13,135.8,0.73,0.65,0.29,0.10,0.08,28%,56%
 braveaf,Russia,3126,1.07,212.2,1.06,135.6,0.72,0.68,0.32,0.09,0.09,26%,52%
 neptune,United States,5319,1.07,211.1,1.07,134.2,0.74,0.69,0.27,0.11,0.10,24%,51%
 re1sxd,Turkey,2217,1.07,209.1,1.13,134.4,0.75,0.66,0.28,0.08,0.09,20%,48%
 mitch,United States,6563,1.07,205.2,1.12,132.5,0.71,0.63,0.26,0.10,0.07,18%,60%
 Derialy,Japan,2176,1.07,201.6,1.17,134.5,0.72,0.62,0.28,0.08,0.06,26%,56%
 NicoMachine,Chile,967,1.06,230.6,1.06,145.3,0.80,0.76,0.21,0.16,0.15,23%,52%
 hyjinx,United States,5494,1.06,224.9,1.09,141.8,0.79,0.73,0.18,0.15,0.14,25%,51%
 murizzz,Brazil,3603,1.06,223.1,1.09,140.4,0.78,0.71,0.22,0.15,0.14,23%,52%
 duck,United States,7038,1.06,222.7,1.05,143.7,0.77,0.73,0.21,0.14,0.12,26%,53%
 climax,South Korea,1655,1.06,221.0,1.11,140.9,0.76,0.68,0.27,0.10,0.10,20%,49%
 froz,Turkey,2780,1.06,220.5,1.07,144.1,0.76,0.71,0.22,0.11,0.11,24%,51%
 rtt1,Brazil,602,1.06,219.3,1.09,140.1,0.78,0.71,0.22,0.15,0.15,27%,49%
 ZaPy,Brazil,2677,1.06,215.5,1.11,138.1,0.76,0.69,0.22,0.11,0.10,19%,52%
 envy,South Korea,1185,1.06,214.8,1.18,138.4,0.76,0.64,0.24,0.09,0.08,22%,51%
 Made,Brazil,1042,1.06,214.1,1.10,134.7,0.76,0.69,0.27,0.12,0.10,22%,56%
 Ethan,United States,2577,1.06,213.0,1.10,136.3,0.75,0.68,0.26,0.10,0.09,23%,51%
 jeyj7y,Turkey,4094,1.06,211.4,1.05,136.8,0.72,0.69,0.32,0.11,0.10,25%,51%
 Medusa,South Korea,2462,1.06,211.3,1.16,136.3,0.74,0.64,0.30,0.09,0.08,26%,54%
 dazzLe,United States,4369,1.06,211.1,1.03,136.8,0.70,0.68,0.36,0.10,0.08,20%,55%
 oitaN,Japan,2355,1.06,210.2,1.11,143.8,0.72,0.65,0.25,0.09,0.07,19%,55%
 LogaN,France,5004,1.06,209.0,1.25,138.3,0.75,0.60,0.18,0.09,0.06,24%,61%
 BlackWiz,Japan,850,1.06,205.9,1.10,127.8,0.73,0.67,0.27,0.10,0.08,28%,55%
 mmonch,Mexico,2038,1.06,202.0,1.09,133.5,0.70,0.64,0.33,0.07,0.06,21%,55%
 xikAz,Brazil,1079,1.06,200.4,1.06,130.4,0.73,0.69,0.26,0.08,0.07,21%,54%
 ozzy,United Kingdom,3211,1.06,199.8,1.12,129.0,0.72,0.64,0.30,0.09,0.08,21%,52%
 Jonaaa6,United States,6635,1.06,198.9,1.11,132.0,0.71,0.63,0.33,0.07,0.06,23%,54%
 JN3v1cEEEEdf,Turkey,3186,1.06,198.3,1.12,127.7,0.71,0.63,0.32,0.07,0.07,25%,51%
 ryota-,Japan,2106,1.06,194.9,1.04,125.6,0.68,0.66,0.36,0.08,0.07,26%,54%
 Lawrence,South Korea,1781,1.05,228.6,1.07,142.5,0.79,0.74,0.20,0.17,0.15,23%,53%
 wonderchilling,not found,586,1.05,226.3,1.19,139.4,0.83,0.70,0.19,0.12,0.11,32%,53%
 shoqqz,Brazil,584,1.05,220.2,1.02,143.3,0.76,0.74,0.22,0.15,0.12,25%,54%
 zepher,Japan,2224,1.05,220.1,1.16,135.3,0.77,0.67,0.19,0.14,0.10,21%,58%
 Pepper,Japan,2100,1.05,220.0,1.12,135.8,0.76,0.68,0.19,0.14,0.12,16%,53%
 Reformed,Canada,6277,1.05,218.1,1.03,142.4,0.76,0.74,0.24,0.10,0.10,21%,50%
 Cohburg,Canada,3071,1.05,217.0,1.11,144.6,0.78,0.70,0.22,0.11,0.10,27%,51%
 Jeong Hi,South Korea,2259,1.05,216.2,1.10,133.3,0.75,0.68,0.26,0.14,0.11,18%,56%
 fzkk,Brazil,3486,1.05,216.2,1.09,134.4,0.74,0.68,0.29,0.13,0.12,16%,52%
 k1Ng,South Korea,3272,1.05,216.0,1.31,137.5,0.75,0.58,0.21,0.10,0.07,27%,57%
 deigara,Argentina,2107,1.05,213.1,1.06,135.9,0.73,0.69,0.29,0.12,0.11,26%,52%
 axeddy,Brazil,4660,1.05,212.5,1.01,132.9,0.72,0.71,0.32,0.13,0.13,20%,49%
 MaskedPlayer,Denmark,2243,1.05,207.3,1.09,135.7,0.73,0.67,0.27,0.09,0.07,26%,59%
 Anker,Japan,1264,1.05,206.7,1.11,135.5,0.73,0.66,0.25,0.07,0.05,29%,56%
 Fearoth,France,5732,1.05,206.5,1.10,138.6,0.69,0.63,0.36,0.07,0.05,21%,58%
 wippie,Russia,2856,1.05,206.0,1.14,134.8,0.72,0.63,0.29,0.09,0.07,20%,55%
 Retroyd,Brazil,426,1.05,205.6,1.05,128.4,0.72,0.69,0.26,0.08,0.07,22%,56%
 jcStani,United States,13982,1.05,205.0,1.03,130.8,0.73,0.70,0.28,0.10,0.08,26%,54%
 TURKO,Turkey,9292,1.05,204.7,1.24,137.8,0.75,0.61,0.24,0.07,0.04,28%,63%
 Esperanza,South Korea,2592,1.05,204.0,1.09,134.1,0.72,0.66,0.29,0.10,0.07,32%,58%
 Nanno,Armenia,305,1.05,203.9,1.08,133.8,0.72,0.66,0.28,0.11,0.09,21%,55%
 BELKY,Brazil,1347,1.05,203.7,1.13,132.9,0.73,0.65,0.27,0.08,0.09,22%,50%
 Shizue,Brazil,3676,1.05,203.4,1.09,137.0,0.72,0.66,0.33,0.09,0.08,20%,52%
 Sylvan,South Korea,4740,1.05,202.7,1.08,127.8,0.73,0.67,0.25,0.08,0.08,22%,51%
 Trill,Australia,5967,1.05,201.6,1.12,130.6,0.73,0.65,0.29,0.07,0.06,24%,56%
 risk,South Korea,1523,1.05,199.6,1.03,126.7,0.70,0.67,0.30,0.08,0.08,22%,48%
 fiziq,United States,6649,1.05,199.3,1.02,133.6,0.68,0.67,0.32,0.07,0.06,24%,53%
 AvovA,Denmark,4472,1.05,198.1,1.16,125.4,0.72,0.62,0.29,0.08,0.08,25%,48%
 Bob,Australia,7791,1.05,197.6,1.09,131.6,0.68,0.62,0.39,0.07,0.07,23%,50%
 Precision,United States,6032,1.05,195.9,1.07,125.8,0.69,0.65,0.34,0.08,0.09,23%,48%
 9ianny,Armenia,309,1.04,229.1,0.97,152.4,0.73,0.75,0.28,0.13,0.16,16%,45%
 aproto,United States,5423,1.04,218.8,1.14,135.6,0.79,0.69,0.21,0.09,0.07,38%,59%
 Siduzord,Brazil,603,1.04,212.7,1.11,143.2,0.73,0.66,0.29,0.08,0.07,22%,55%
 Mono,Chile,1691,1.04,212.6,1.10,137.5,0.75,0.68,0.25,0.11,0.10,25%,52%
 Twinte,Japan,332,1.04,211.8,1.12,142.3,0.76,0.68,0.27,0.06,0.08,28%,43%
 Kei,Japan,313,1.04,211.1,1.00,140.4,0.75,0.75,0.29,0.11,0.11,21%,50%
 ork1de,Turkey,1547,1.04,208.7,1.07,132.5,0.75,0.70,0.24,0.12,0.11,21%,53%
 RENZ,United States,5884,1.04,208.6,1.03,135.7,0.73,0.71,0.28,0.09,0.07,24%,56%
 Theory,Colombia,2774,1.04,208.3,1.09,136.9,0.71,0.65,0.34,0.08,0.09,24%,48%
 randyySAVAGE,Canada,10130,1.04,208.1,1.08,136.6,0.72,0.67,0.24,0.10,0.08,26%,53%
 Bjor,United States,7886,1.04,208.1,1.10,138.1,0.72,0.66,0.26,0.09,0.08,19%,53%
 Kamuro,Japan,1460,1.04,206.5,1.06,136.4,0.70,0.66,0.28,0.10,0.09,21%,51%
 dephh,United Kingdom,4761,1.04,205.3,1.06,134.2,0.73,0.69,0.24,0.12,0.09,24%,58%
 ariee,Armenia,571,1.04,205.3,1.07,135.9,0.73,0.68,0.30,0.10,0.12,17%,46%
 Zest,South Korea,2599,1.04,205.1,1.18,128.4,0.70,0.60,0.32,0.10,0.10,27%,52%
 Lear,United States,4627,1.04,203.4,1.08,135.7,0.71,0.66,0.28,0.08,0.07,23%,53%
 Apotheon,Canada,8285,1.04,202.4,1.10,131.1,0.73,0.67,0.26,0.09,0.08,29%,52%
 morv1aNn,Turkey,2051,1.04,202.2,1.09,131.2,0.71,0.65,0.31,0.07,0.07,24%,47%
 Meddo,Sweden,6020,1.04,202.0,1.27,133.3,0.74,0.59,0.20,0.07,0.04,25%,65%
 dawn,United States,3128,1.04,201.2,1.17,127.6,0.72,0.61,0.26,0.09,0.07,24%,57%
 LKSHOW,Brazil,1053,1.04,201.0,1.04,129.6,0.70,0.67,0.35,0.07,0.07,19%,51%
 Hydra,United States,4848,1.04,198.1,1.12,134.5,0.71,0.63,0.32,0.07,0.07,22%,51%
 nAvarro,Mexico,746,1.04,193.4,1.04,129.0,0.66,0.64,0.39,0.07,0.06,19%,53%
 tayhuhu,Brazil,3725,1.04,190.5,1.11,125.3,0.68,0.61,0.36,0.05,0.05,20%,51%
 unusuaL,not found,407,1.03,235.0,1.18,144.5,0.79,0.67,0.22,0.14,0.11,21%,56%
 Joojina,Brazil,718,1.03,225.4,1.08,147.5,0.80,0.74,0.17,0.16,0.15,22%,52%
 pMdr1,Brazil,967,1.03,221.0,1.14,138.6,0.79,0.70,0.21,0.13,0.15,29%,47%
 solxiz,Argentina,636,1.03,215.1,1.10,141.2,0.74,0.67,0.19,0.18,0.09,21%,66%
 ANGE1,Ukraine,4781,1.03,215.1,1.00,133.9,0.73,0.73,0.23,0.15,0.09,32%,62%
 YOTES,Bolivia,799,1.03,213.0,0.97,128.8,0.74,0.76,0.19,0.11,0.13,20%,46%
 mnz,Japan,711,1.03,212.8,1.12,139.7,0.74,0.66,0.23,0.05,0.05,23%,48%
 oderus,United States,5806,1.03,210.9,1.05,133.6,0.73,0.70,0.21,0.13,0.12,27%,52%
 furq,Brazil,1115,1.03,210.6,1.03,136.9,0.72,0.70,0.27,0.10,0.10,23%,49%
 mummAy,United States,6558,1.03,207.0,1.15,127.4,0.74,0.65,0.21,0.13,0.08,21%,61%
 KRAY,United Kingdom,5335,1.03,206.6,1.14,136.1,0.73,0.64,0.24,0.08,0.06,24%,54%
 NANZIN,Brazil,1647,1.03,203.9,1.04,134.6,0.70,0.67,0.28,0.08,0.08,32%,51%
 TiGG,United States,4594,1.03,203.1,1.02,132.9,0.70,0.69,0.29,0.10,0.09,20%,54%
 moose⁠,Canada,3639,1.03,202.9,1.11,133.4,0.69,0.62,0.31,0.08,0.07,24%,54%
 qRaxs,Turkey,3466,1.03,201.2,1.05,129.4,0.72,0.69,0.28,0.08,0.08,30%,50%
 Kikirucha,Armenia,494,1.03,201.0,1.07,132.0,0.71,0.66,0.25,0.10,0.09,22%,54%
 ohai,United States,7998,1.03,200.6,1.04,129.0,0.71,0.68,0.29,0.10,0.10,27%,51%
 fznn,Brazil,3735,1.03,199.8,1.12,131.0,0.68,0.61,0.37,0.08,0.07,21%,52%
 ezznap,Colombia,1879,1.03,197.3,1.06,127.6,0.71,0.66,0.33,0.07,0.07,18%,49%
 Khalil,Brazil,2672,1.03,195.4,1.09,127.3,0.69,0.64,0.27,0.07,0.07,21%,49%
 gob b,Germany,4893,1.03,195.1,1.07,130.8,0.65,0.61,0.39,0.06,0.05,24%,53%
 vice,United States,7198,1.03,194.4,1.09,130.4,0.68,0.63,0.30,0.07,0.05,22%,55%
 Clarenz,Colombia,3197,1.03,190.4,1.07,120.3,0.67,0.63,0.31,0.05,0.06,17%,45%
 champzera,Brazil,1301,1.03,188.6,1.03,128.2,0.68,0.66,0.24,0.06,0.07,24%,47%
 effys,Canada,6748,1.03,185.5,1.05,125.7,0.65,0.62,0.35,0.05,0.04,20%,58%
 GC Nano,not found,418,1.02,219.0,1.06,140.2,0.76,0.72,0.18,0.15,0.17,21%,46%
 Menace,United States,7605,1.02,215.9,1.04,131.4,0.74,0.72,0.21,0.17,0.15,12%,53%
 miniature,United States,5750,1.02,214.8,1.05,141.6,0.74,0.70,0.22,0.14,0.13,23%,51%
 neT,United States,5538,1.02,213.3,1.05,135.3,0.75,0.71,0.22,0.11,0.12,30%,50%
 mandu,South Korea,464,1.02,211.7,0.97,125.6,0.73,0.76,0.22,0.11,0.11,22%,49%
 Dimaoneshot,Russia,3084,1.02,211.2,0.97,134.5,0.72,0.74,0.26,0.10,0.11,27%,48%
 6ixtos,Armenia,519,1.02,211.1,1.18,139.1,0.76,0.64,0.18,0.11,0.10,24%,52%
 delz1k,Chile,3254,1.02,211.1,1.10,134.6,0.75,0.68,0.30,0.10,0.09,23%,53%
 Kiwii,Armenia,315,1.02,206.6,1.24,135.3,0.75,0.61,0.13,0.12,0.10,27%,54%
 delevingne,Brazil,2297,1.02,206.4,1.03,125.7,0.72,0.70,0.28,0.12,0.11,18%,53%
 Docent,Turkey,3455,1.02,204.8,1.01,129.5,0.71,0.70,0.25,0.10,0.09,24%,51%
 dapr,United States,6459,1.02,203.7,1.09,126.2,0.72,0.66,0.30,0.09,0.06,19%,59%
 badsito,Chile,1153,1.02,201.8,0.99,134.1,0.70,0.71,0.33,0.10,0.11,26%,48%
 pho,United States,7555,1.02,200.1,1.06,127.8,0.70,0.66,0.29,0.08,0.07,23%,55%
 stellar,United States,8256,1.02,197.9,1.09,130.7,0.70,0.64,0.27,0.07,0.06,21%,55%
 matheuzin,Brazil,3391,1.02,196.4,1.05,123.3,0.69,0.66,0.27,0.09,0.09,25%,50%
 Gabriel Infiel,Brazil,1598,1.02,196.0,1.10,125.6,0.70,0.64,0.27,0.08,0.07,27%,52%
 Eugene,South Korea,2300,1.02,195.2,1.01,127.1,0.68,0.67,0.36,0.06,0.07,25%,45%
 sutecas,Brazil,2663,1.02,194.2,1.10,126.5,0.71,0.65,0.27,0.08,0.09,28%,48%
 Mistic,United Kingdom,4297,1.02,194.1,1.15,128.8,0.70,0.61,0.28,0.07,0.06,28%,55%
 StrongLegs,Canada,8805,1.02,193.3,1.03,122.9,0.68,0.66,0.33,0.08,0.08,23%,51%
 Licht,Panama,858,1.02,192.2,1.06,127.2,0.70,0.66,0.32,0.07,0.04,21%,63%
 eVoL,United States,6291,1.02,190.5,1.09,130.8,0.69,0.63,0.29,0.05,0.04,31%,54%
 ZK,United States,7184,1.02,188.0,1.07,123.3,0.69,0.65,0.29,0.06,0.06,26%,51%
 DMT,Brazil,2327,1.01,221.5,1.05,137.0,0.75,0.72,0.21,0.16,0.14,23%,53%
 Xiaonuo,China,369,1.01,212.3,0.99,141.3,0.73,0.74,0.26,0.19,0.17,31%,53%
 Sakura,Colombia,629,1.01,212.0,1.07,138.4,0.75,0.70,0.20,0.10,0.10,22%,50%
 GANGAZI,South Korea,474,1.01,211.3,0.97,140.0,0.72,0.74,0.26,0.11,0.09,24%,56%
 Adam,South Korea,701,1.01,210.7,1.13,134.6,0.73,0.65,0.24,0.07,0.07,23%,52%
 Nirenu,Turkey,2385,1.01,204.6,1.15,135.3,0.73,0.64,0.20,0.07,0.06,27%,55%
 POISED,Canada,5028,1.01,203.2,1.02,129.8,0.72,0.70,0.25,0.08,0.08,22%,51%
 Luc1d,Germany,2627,1.01,201.5,1.10,131.4,0.73,0.66,0.24,0.09,0.08,28%,55%
 iyen,Australia,7191,1.01,199.9,1.08,126.7,0.70,0.65,0.28,0.09,0.10,17%,47%
 Kryptix,United Kingdom,4544,1.01,199.9,1.17,131.5,0.70,0.60,0.24,0.06,0.03,20%,64%
 RreD,Argentina,451,1.01,199.0,1.02,127.1,0.72,0.70,0.34,0.10,0.08,27%,57%
 dragonite,Brazil,2530,1.01,198.6,1.10,129.0,0.70,0.64,0.25,0.08,0.08,20%,50%
 xenon,Russia,4059,1.01,198.0,1.09,127.9,0.71,0.65,0.26,0.09,0.06,30%,59%
 Klaus,Argentina,2429,1.01,197.8,1.17,127.0,0.70,0.60,0.25,0.07,0.08,20%,45%
 glow,South Korea,2286,1.01,196.4,1.11,125.0,0.68,0.61,0.25,0.08,0.07,26%,54%
 AKIMB0,Denmark,2413,1.01,195.5,1.17,130.9,0.71,0.60,0.25,0.06,0.05,19%,56%
 sianclavera,Turkey,2361,1.01,195.1,1.12,129.1,0.69,0.61,0.33,0.06,0.05,30%,55%
 bazz,Japan,1668,1.01,192.9,0.95,122.6,0.66,0.70,0.34,0.07,0.09,19%,45%
 vanity,United States,3898,1.01,192.1,1.01,121.5,0.68,0.67,0.33,0.09,0.09,18%,51%
 Olzerr,Chile,3093,1.01,188.6,1.03,119.8,0.68,0.66,0.28,0.06,0.08,26%,44%
 Tak1,Brazil,1296,1.01,187.1,0.97,119.0,0.66,0.68,0.41,0.06,0.09,18%,41%
 Cobong,South Korea,316,1.00,221.4,1.13,139.9,0.75,0.66,0.16,0.15,0.11,16%,59%
 Luna,Mexico,357,1.00,218.5,1.12,138.9,0.74,0.66,0.30,0.12,0.11,25%,53%
 ЯIA,Japan,631,1.00,216.8,1.01,131.5,0.74,0.73,0.19,0.13,0.14,14%,48%
 JREXXX,Japan,474,1.00,215.3,1.02,141.4,0.72,0.71,0.23,0.12,0.12,19%,49%
 liazzi,Brazil,2143,1.00,211.4,1.03,136.5,0.73,0.71,0.24,0.12,0.12,20%,51%
 UdoTan,South Korea,934,1.00,209.0,0.99,131.4,0.73,0.74,0.22,0.12,0.11,20%,52%
 agm,United States,8209,1.00,208.9,1.10,134.8,0.73,0.66,0.20,0.10,0.09,22%,52%
 MOJJ,Turkey,4595,1.00,208.2,1.11,138.7,0.73,0.66,0.23,0.09,0.08,27%,53%
 D1E,Chile,4054,1.00,207.6,1.00,131.9,0.73,0.73,0.26,0.10,0.11,25%,48%
 Kaminari,Japan,3292,1.00,206.1,1.05,129.1,0.72,0.68,0.22,0.12,0.11,22%,52%
 gosaydam,Turkey,3001,1.00,204.2,0.99,131.3,0.70,0.71,0.26,0.12,0.11,20%,52%
 mishu,Denmark,1694,1.00,202.7,0.97,134.9,0.68,0.70,0.30,0.07,0.08,25%,47%
 Boaster,United Kingdom,4588,1.00,201.1,1.04,127.0,0.69,0.66,0.34,0.09,0.08,21%,52%
 M4sh,Japan,599,1.00,201.0,1.01,128.9,0.67,0.67,0.29,0.09,0.09,21%,50%
 mazin,Brazil,2508,1.00,200.4,1.07,131.5,0.71,0.66,0.25,0.11,0.10,25%,53%
 celi S2,Armenia,358,1.00,200.2,1.03,128.5,0.70,0.68,0.26,0.11,0.09,27%,55%
 WOW,South Korea,674,1.00,200.2,0.97,128.5,0.69,0.71,0.31,0.06,0.08,21%,44%
 TRY,South Korea,948,1.00,194.4,1.08,125.4,0.68,0.64,0.24,0.07,0.05,27%,55%
 Kaspe,Finland,4045,1.00,193.9,1.05,126.0,0.69,0.66,0.27,0.08,0.08,22%,51%
 GODLIKE,South Korea,4924,1.00,190.1,0.96,119.5,0.67,0.70,0.34,0.08,0.09,24%,50%
 L4cer,Argentina,2055,1.00,189.9,0.97,118.9,0.67,0.69,0.25,0.09,0.11,24%,46%
 C1nder,South Korea,1855,0.99,211.1,1.11,136.4,0.73,0.65,0.23,0.11,0.10,18%,52%
 Biscot1n,Brazil,2843,0.99,208.8,1.00,127.2,0.73,0.73,0.22,0.14,0.15,24%,48%
 kurozooted,Japan,1018,0.99,205.2,1.04,133.4,0.72,0.70,0.24,0.11,0.11,18%,50%
 HUYNH,Canada,7644,0.99,203.1,1.11,129.9,0.72,0.64,0.24,0.13,0.09,23%,59%
 Fame,Brazil,389,0.99,202.4,1.03,125.0,0.67,0.65,0.22,0.08,0.06,20%,55%
 TenzouEz,Japan,695,0.99,201.9,1.03,132.8,0.73,0.71,0.23,0.11,0.10,38%,54%
 In0X,Iceland,8050,0.99,199.7,0.97,128.5,0.69,0.70,0.29,0.10,0.11,25%,49%
 Flax,Japan,2431,0.99,199.3,1.03,129.5,0.71,0.69,0.25,0.11,0.09,33%,56%
 Wedid,Canada,6477,0.99,199.3,1.05,129.8,0.70,0.67,0.26,0.09,0.09,24%,52%
 Rarkar,United States,2717,0.99,198.1,1.05,122.3,0.71,0.68,0.24,0.13,0.12,18%,53%
 Zerost,Japan,1864,0.99,197.9,1.07,126.6,0.70,0.65,0.22,0.10,0.09,20%,51%
 Glovee,Turkey,2350,0.99,195.0,0.99,126.6,0.69,0.70,0.28,0.08,0.09,26%,47%
 Hiko,United States,4647,0.99,194.9,1.16,129.8,0.68,0.59,0.35,0.04,0.03,25%,61%
 leonzhett,Argentina,2401,0.99,194.6,1.01,126.7,0.66,0.65,0.33,0.07,0.07,22%,50%
 Nivera,Belgium,761,0.99,193.3,1.21,133.3,0.70,0.58,0.24,0.07,0.06,28%,52%
 Br0die,United Kingdom,5335,0.99,190.2,1.01,124.9,0.66,0.65,0.34,0.06,0.08,27%,45%
 Tio,Chile,3426,0.99,189.6,1.03,122.0,0.66,0.64,0.32,0.07,0.06,22%,53%
 SugarZ3ro,Japan,1592,0.99,183.6,1.08,124.8,0.68,0.63,0.32,0.06,0.08,25%,45%
 Akki,United Kingdom,500,0.99,183.4,0.92,113.3,0.64,0.69,0.19,0.08,0.08,20%,51%
 Jangler,United States,7017,0.99,178.4,1.05,116.3,0.66,0.63,0.31,0.05,0.05,26%,51%
 BetrayerN,Mexico,3306,0.98,204.1,1.09,134.7,0.73,0.67,0.19,0.10,0.07,26%,57%
 psalm,United States,5290,0.98,203.7,1.00,131.5,0.69,0.69,0.29,0.09,0.08,25%,51%
 Vargas,Japan,1156,0.98,200.1,0.95,137.9,0.65,0.69,0.32,0.08,0.08,24%,51%
 kiles,Ukraine,5088,0.98,199.5,1.06,126.7,0.71,0.67,0.24,0.09,0.09,30%,50%
 Lessa 火,Armenia,718,0.98,199.2,1.17,130.6,0.71,0.61,0.20,0.08,0.07,17%,52%
 L1NK,United Kingdom,4728,0.98,198.2,1.15,124.4,0.70,0.61,0.27,0.08,0.05,29%,62%
 Zik,Denmark,4611,0.98,197.9,1.05,130.3,0.69,0.66,0.24,0.09,0.09,27%,50%
 Flopina,Armenia,334,0.98,197.4,0.94,132.9,0.71,0.75,0.26,0.08,0.09,19%,47%
 chjna4q,Argentina,462,0.98,195.0,0.90,126.1,0.70,0.77,0.30,0.11,0.12,28%,49%
 ShadoW,Sweden,4538,0.98,193.2,1.11,119.8,0.70,0.63,0.31,0.07,0.04,23%,63%
 KUNDIKUNDI,Finland,2115,0.98,192.1,0.99,124.7,0.66,0.66,0.29,0.07,0.07,21%,50%
 Nether,Brazil,1362,0.98,191.6,1.02,124.1,0.69,0.68,0.29,0.08,0.09,25%,45%
 Riquen,Brazil,309,0.98,190.3,1.00,123.6,0.69,0.69,0.28,0.08,0.06,18%,56%
 hazed,United States,6542,0.98,189.1,1.08,125.2,0.66,0.61,0.26,0.08,0.07,26%,52%
 JoshRT,United States,3394,0.98,188.0,0.88,116.8,0.64,0.73,0.37,0.07,0.08,19%,47%
 Killer0714,Japan,835,0.98,187.9,0.99,121.7,0.67,0.67,0.31,0.07,0.07,21%,47%
 Lynn,Chile,420,0.98,187.6,0.98,127.5,0.67,0.69,0.29,0.08,0.07,19%,51%
 sickrey,Russia,3115,0.98,185.0,1.02,126.4,0.65,0.64,0.33,0.04,0.04,23%,50%
 Krmz,Mexico,1096,0.98,184.7,0.95,112.7,0.64,0.67,0.32,0.07,0.10,23%,41%
 crow,Japan,3411,0.98,184.4,1.10,122.3,0.64,0.58,0.35,0.05,0.05,20%,53%
 Txozin,Brazil,1299,0.98,183.3,1.00,121.6,0.66,0.66,0.25,0.08,0.08,24%,50%
 Astell,South Korea,1558,0.98,182.6,1.12,119.7,0.67,0.60,0.33,0.07,0.07,20%,50%
 lyNxi,Sweden,4852,0.98,181.4,1.06,121.3,0.65,0.61,0.29,0.06,0.05,22%,53%
 Josegxbo,Colombia,1535,0.98,179.6,1.01,116.6,0.66,0.65,0.31,0.06,0.06,25%,51%
 Namikaze,Japan,473,0.97,212.8,0.96,143.6,0.73,0.76,0.20,0.14,0.16,16%,47%
 AYRIN,Canada,5523,0.97,209.5,1.03,134.1,0.71,0.69,0.25,0.09,0.07,16%,56%
 Sp1nn,Brazil,517,0.97,209.2,0.99,129.7,0.74,0.75,0.17,0.17,0.16,16%,52%
 NaturE,United States,3039,0.97,208.2,1.08,135.9,0.72,0.67,0.26,0.10,0.10,21%,51%
 Frosty,United States,5712,0.97,207.9,1.00,134.2,0.73,0.73,0.18,0.15,0.16,29%,49%
 sharyk,Latvia,4059,0.97,204.1,1.05,133.1,0.71,0.67,0.20,0.10,0.09,22%,52%
 REV1,South Korea,1286,0.97,201.4,0.90,126.9,0.67,0.75,0.31,0.13,0.13,21%,50%
 Xandrite,Japan,831,0.97,200.2,0.96,128.7,0.67,0.69,0.27,0.12,0.09,13%,59%
 GioRuu,Chile,1715,0.97,199.4,0.98,132.9,0.71,0.73,0.25,0.10,0.10,27%,50%
 Jexye,Armenia,334,0.97,198.5,0.93,133.1,0.68,0.74,0.31,0.08,0.07,18%,51%
 Army,Japan,940,0.97,198.1,0.97,128.4,0.69,0.71,0.26,0.08,0.07,26%,52%
 rez1v,Japan,1460,0.97,192.7,1.06,136.7,0.68,0.65,0.31,0.07,0.08,24%,47%
 royald,United States,4449,0.97,189.7,0.93,126.3,0.66,0.71,0.33,0.07,0.09,29%,46%
 SH0CKWAVE,Mexico,3219,0.97,189.5,1.15,121.1,0.69,0.60,0.24,0.07,0.06,20%,54%
 Fiunle,Dominican Republic,1760,0.97,189.4,0.97,122.4,0.66,0.68,0.35,0.07,0.10,23%,41%
 Duno,Russia,5346,0.97,184.6,1.07,119.3,0.63,0.60,0.34,0.06,0.05,20%,56%
 Puleule,Argentina,3053,0.97,180.1,1.05,114.8,0.64,0.61,0.39,0.06,0.06,20%,50%
 Anna,South Korea,475,0.96,210.6,1.01,135.7,0.75,0.74,0.15,0.17,0.14,26%,55%
 MerRy,Japan,1091,0.96,204.7,0.95,135.9,0.70,0.74,0.25,0.13,0.12,20%,52%
 Europha,South Korea,339,0.96,203.5,0.93,129.0,0.68,0.73,0.27,0.12,0.10,17%,54%
 Pompano,Armenia,521,0.96,201.9,0.96,123.1,0.68,0.71,0.22,0.11,0.12,19%,48%
 Menna,Mexico,415,0.96,201.6,1.04,132.0,0.71,0.68,0.17,0.12,0.09,19%,55%
 toezin,Brazil,709,0.96,197.8,0.92,125.8,0.69,0.74,0.30,0.07,0.13,22%,36%
 Jarlo,Denmark,1336,0.96,197.3,0.93,128.8,0.68,0.73,0.29,0.09,0.10,20%,46%
 LST,Armenia,571,0.96,195.8,0.99,133.0,0.71,0.72,0.21,0.11,0.11,30%,50%
 txddy1,Brazil,1875,0.96,195.7,1.02,125.7,0.68,0.66,0.26,0.08,0.08,23%,49%
 insider,Russia,4311,0.96,195.7,1.04,129.6,0.69,0.66,0.21,0.08,0.07,25%,52%
 SouhcNi,Turkey,4122,0.96,195.3,1.03,128.5,0.68,0.66,0.25,0.08,0.08,25%,51%
 Phantom,Japan,1724,0.96,194.5,1.00,127.2,0.68,0.68,0.26,0.07,0.08,18%,47%
 koldamenta,Spain,5519,0.96,192.1,1.00,124.8,0.65,0.65,0.38,0.06,0.06,22%,50%
 BONECOLD,Finland,4103,0.96,188.0,1.01,118.1,0.66,0.65,0.28,0.10,0.11,30%,46%
 v1xen,Brazil,3145,0.96,185.9,1.09,119.6,0.68,0.62,0.29,0.07,0.06,22%,56%
 lopesBoy,Brazil,487,0.96,185.3,0.92,119.6,0.65,0.71,0.36,0.09,0.09,20%,50%
 pipsoN,Russia,2755,0.96,176.6,0.93,109.5,0.61,0.66,0.31,0.06,0.06,24%,53%
 kaplan,United States,1735,0.96,170.6,0.89,110.0,0.58,0.66,0.30,0.07,0.05,19%,55%
 Swee,Japan,585,0.95,209.7,0.94,136.2,0.70,0.75,0.24,0.13,0.15,20%,47%
 FeeIs,Mexico,705,0.95,209.2,0.92,134.0,0.70,0.77,0.18,0.15,0.15,25%,51%
 Halbae,South Korea,2071,0.95,202.4,1.03,137.2,0.69,0.67,0.23,0.09,0.09,22%,52%
 Brofeld,Japan,1730,0.95,200.1,1.05,132.8,0.71,0.68,0.21,0.08,0.07,26%,55%
 vickt0r,Chile,3606,0.95,197.1,0.96,123.8,0.68,0.71,0.28,0.10,0.10,20%,50%
 FleW1Ng,not found,475,0.95,196.8,0.92,124.0,0.68,0.74,0.24,0.08,0.08,26%,51%
 Slvr,Mexico,502,0.95,196.7,0.85,124.4,0.61,0.71,0.29,0.10,0.11,17%,48%
 Karen,Armenia,392,0.95,190.0,0.89,122.6,0.65,0.73,0.28,0.08,0.10,18%,45%
 LATEKS,Sweden,4873,0.95,187.8,0.99,119.9,0.65,0.66,0.30,0.08,0.06,20%,55%
 anger,United States,2523,0.95,187.2,1.02,118.6,0.66,0.64,0.28,0.06,0.05,23%,56%
 RIPablo,Japan,2262,0.95,184.6,1.00,121.1,0.66,0.67,0.25,0.08,0.07,22%,54%
 jacobin,Brazil,2427,0.95,184.3,0.96,117.2,0.65,0.67,0.37,0.08,0.09,23%,49%
 Adrenaline,United States,5191,0.95,180.5,0.96,122.0,0.62,0.64,0.36,0.07,0.07,22%,51%
 Cryy,Brazil,3668,0.95,173.9,0.94,112.8,0.64,0.68,0.32,0.08,0.08,26%,49%
 Alex,South Korea,1131,0.94,209.6,0.89,141.8,0.68,0.76,0.26,0.12,0.10,16%,55%
 wzL,Brazil,840,0.94,199.7,0.96,129.8,0.69,0.72,0.22,0.10,0.12,20%,47%
 iRdy,South Korea,1952,0.94,198.0,1.05,132.7,0.67,0.63,0.28,0.09,0.07,22%,57%
 hyouka,Japan,1829,0.94,196.0,1.01,126.1,0.69,0.68,0.27,0.08,0.08,21%,48%
 celinett,Brazil,3265,0.94,193.0,1.04,127.5,0.66,0.64,0.25,0.09,0.08,17%,53%
 hvoya,Russia,4440,0.94,191.2,0.99,127.3,0.67,0.67,0.23,0.08,0.07,24%,51%
 guuih,Brazil,1335,0.94,190.9,1.05,128.6,0.68,0.65,0.23,0.08,0.07,24%,53%
 dinkzj,Russia,4725,0.94,190.0,1.03,129.8,0.65,0.63,0.20,0.08,0.05,21%,61%
 PaYen,United States,5622,0.94,186.4,1.00,124.6,0.66,0.67,0.23,0.09,0.07,22%,54%
 Den2,South Korea,577,0.94,185.0,0.95,122.6,0.64,0.68,0.29,0.04,0.05,26%,45%
 Redgar,Russia,4851,0.94,182.3,0.99,118.5,0.64,0.64,0.29,0.08,0.08,28%,50%
 SylFy,Japan,2270,0.94,181.8,1.01,117.7,0.66,0.65,0.24,0.06,0.07,18%,48%
 rsT,Brazil,3128,0.94,180.9,1.06,120.6,0.64,0.61,0.27,0.06,0.07,18%,50%
 ryann,United States,4382,0.94,175.7,0.98,116.2,0.63,0.65,0.30,0.08,0.08,28%,49%
 poem,Japan,2194,0.94,172.9,0.90,114.5,0.62,0.69,0.32,0.09,0.09,25%,49%
 Rage,Venezuela,522,0.94,170.8,1.09,114.1,0.61,0.56,0.34,0.06,0.06,20%,50%
 Hagon,Brazil,502,0.93,202.3,0.92,138.0,0.71,0.77,0.22,0.13,0.18,30%,43%
 TORANECO,Japan,1410,0.93,201.3,0.99,132.5,0.69,0.70,0.23,0.10,0.09,21%,51%
 Marmelo,Japan,930,0.93,199.0,0.90,127.1,0.69,0.76,0.22,0.13,0.15,22%,46%
 pr0xy,South Korea,1060,0.93,198.5,0.93,131.2,0.69,0.74,0.22,0.10,0.12,30%,45%
 Kamefire,Armenia,582,0.93,193.8,1.02,131.8,0.71,0.70,0.19,0.06,0.07,28%,45%
 Shazeon,Germany,3408,0.93,190.2,0.98,128.2,0.67,0.68,0.26,0.07,0.08,27%,48%
 adi,Chile,3026,0.93,185.2,1.02,121.7,0.66,0.65,0.25,0.07,0.07,23%,48%
 VHL,Brazil,390,0.93,184.8,0.98,123.9,0.68,0.69,0.25,0.07,0.06,37%,55%
 muramasa,Mexico,2081,0.93,183.3,0.96,120.1,0.66,0.69,0.25,0.08,0.07,23%,53%
 Leon,Germany,3045,0.93,183.1,0.97,121.7,0.64,0.66,0.28,0.08,0.09,22%,47%
 cmtj,Brazil,1688,0.93,180.5,0.97,120.2,0.65,0.68,0.26,0.07,0.07,22%,51%
 w0rldw1de,United States,5607,0.93,179.3,0.98,116.9,0.65,0.66,0.26,0.06,0.08,31%,46%
 Dvyno,Brazil,716,0.93,173.2,1.02,119.8,0.61,0.60,0.38,0.04,0.03,22%,56%
 pAura,Turkey,4599,0.92,201.1,1.02,125.7,0.69,0.68,0.22,0.12,0.12,28%,50%
 Tegui07,not found,345,0.92,195.4,0.83,125.9,0.65,0.78,0.27,0.11,0.13,20%,46%
 oikou,Japan,802,0.92,193.9,0.89,126.7,0.64,0.72,0.29,0.06,0.08,20%,43%
 LosTime,Peru,781,0.92,193.9,0.92,120.7,0.66,0.71,0.22,0.07,0.09,26%,44%
 dogao,Chile,811,0.92,192.7,0.97,121.7,0.67,0.69,0.26,0.08,0.08,20%,48%
 nanie,Armenia,571,0.92,186.4,1.02,128.1,0.67,0.65,0.23,0.09,0.09,27%,50%
 ryotzz,Brazil,2405,0.92,185.8,0.94,123.2,0.63,0.67,0.30,0.07,0.09,15%,43%
 Trajan1sk,Brazil,529,0.92,177.8,0.89,120.1,0.63,0.71,0.33,0.08,0.07,22%,52%
 Iroh,Turkey,1785,0.92,173.2,0.92,116.7,0.62,0.68,0.33,0.05,0.06,23%,47%
 lissa,Brazil,627,0.91,202.7,0.92,134.4,0.70,0.76,0.17,0.15,0.15,26%,49%
 DiMAS,Brazil,2583,0.91,192.1,0.97,124.4,0.68,0.70,0.20,0.11,0.10,24%,53%
 YAYA,Japan,633,0.91,179.5,0.94,115.7,0.62,0.66,0.27,0.06,0.04,21%,56%
 desmo,Denmark,3466,0.91,176.1,0.97,111.5,0.62,0.64,0.31,0.07,0.07,27%,51%
 MuuShock,Japan,344,0.90,200.1,0.84,129.6,0.69,0.82,0.24,0.12,0.16,27%,42%
 Feitan,Armenia,433,0.90,195.1,0.89,121.4,0.68,0.76,0.21,0.10,0.10,22%,50%
 Maciel,Brazil,467,0.90,190.1,0.92,126.5,0.65,0.71,0.21,0.09,0.10,22%,48%
 McN4L,South Korea,910,0.90,189.0,0.90,123.6,0.64,0.70,0.27,0.08,0.08,22%,48%
 igaum,Brazil,869,0.90,187.9,0.99,127.3,0.64,0.65,0.19,0.07,0.07,17%,48%
 flainzz,Brazil,2184,0.90,187.9,1.01,121.1,0.65,0.65,0.23,0.08,0.08,18%,49%
 Shulia,Armenia,530,0.90,184.9,0.90,127.9,0.63,0.70,0.19,0.06,0.09,33%,41%
 Fedrigues,Brazil,391,0.90,183.1,0.83,124.5,0.62,0.75,0.34,0.09,0.15,16%,37%
 FeitaL,Japan,1460,0.90,178.0,0.94,123.8,0.63,0.67,0.27,0.05,0.07,19%,43%
 zombs,United States,6546,0.90,177.4,0.96,112.9,0.62,0.65,0.28,0.07,0.06,19%,52%
 myssen,Brazil,2517,0.90,174.6,0.99,117.3,0.64,0.65,0.24,0.08,0.09,39%,46%
 Rowancy,Mexico,1206,0.90,174.5,0.88,115.8,0.62,0.70,0.33,0.07,0.11,21%,41%
 KSW,Turkey,2905,0.90,170.4,0.87,115.5,0.58,0.67,0.38,0.05,0.09,23%,38%
 KAKA,Brazil,654,0.89,187.5,0.88,127.3,0.63,0.72,0.28,0.07,0.08,18%,45%
 Riscardo,Brazil,372,0.89,186.7,0.88,121.5,0.63,0.72,0.23,0.07,0.07,22%,51%
 vapess,Colombia,1376,0.89,181.3,0.91,123.1,0.62,0.68,0.31,0.07,0.08,23%,46%
 Kuim,Armenia,353,0.89,180.4,1.00,125.4,0.64,0.64,0.25,0.07,0.08,22%,44%
 NexxaBoy,not found,417,0.89,179.4,0.84,119.7,0.61,0.73,0.32,0.05,0.07,19%,43%
 fra,Brazil,2929,0.89,175.9,0.98,109.8,0.64,0.65,0.25,0.07,0.07,22%,49%
 mcn,Brazil,1012,0.89,164.5,0.86,110.2,0.58,0.67,0.27,0.07,0.08,18%,47%
 FNS,Canada,5538,0.88,186.2,0.95,121.3,0.65,0.68,0.24,0.07,0.07,21%,50%
 l4rry,Peru,652,0.88,175.9,0.89,113.0,0.64,0.72,0.25,0.05,0.08,18%,39%
 Danger,Colombia,1460,0.88,174.9,0.89,116.3,0.60,0.68,0.28,0.06,0.06,21%,50%
 Hydrangae,South Korea,482,0.88,167.5,0.91,109.0,0.62,0.67,0.27,0.04,0.05,22%,44%
 SeokJJ,South Korea,1112,0.88,166.9,0.78,107.3,0.56,0.72,0.31,0.04,0.07,17%,39%
 mavera,Turkey,2751,0.88,166.8,0.86,110.5,0.57,0.66,0.36,0.05,0.07,17%,43%
 Veritoxm,Colombia,424,0.88,162.3,0.95,108.1,0.57,0.61,0.36,0.05,0.09,19%,37%
 redwater877,South Korea,835,0.87,179.8,0.87,120.5,0.64,0.73,0.24,0.08,0.12,26%,41%
 mNdS,Brazil,2614,0.87,168.4,0.89,112.4,0.61,0.68,0.27,0.07,0.09,24%,43%
 luk,Brazil,1339,0.87,167.1,0.92,110.8,0.60,0.65,0.30,0.05,0.06,18%,44%
 EROC,Japan,834,0.87,163.7,0.93,106.9,0.58,0.62,0.30,0.06,0.06,27%,48%
 Siro,Japan,332,0.86,198.2,0.87,134.6,0.68,0.78,0.18,0.14,0.17,28%,46%
 phazadet,not found,613,0.86,196.8,0.96,130.6,0.67,0.70,0.27,0.08,0.08,24%,49%
 Misaya,Japan,1202,0.86,183.4,0.85,115.2,0.63,0.74,0.23,0.11,0.16,17%,42%
 Jules,Brazil,1614,0.86,180.6,0.93,121.2,0.64,0.69,0.23,0.08,0.10,27%,45%
 Shinryaku,Japan,838,0.86,180.0,0.87,111.6,0.63,0.71,0.24,0.05,0.09,12%,32%
 ヒヨコ丸,Japan,393,0.86,177.8,0.84,113.9,0.61,0.73,0.28,0.07,0.08,22%,47%
 Keria,South Korea,595,0.86,177.3,0.84,115.7,0.61,0.72,0.28,0.10,0.11,19%,48%
 Looney,Colombia,1189,0.86,167.4,0.86,108.4,0.60,0.70,0.27,0.05,0.06,20%,43%
 monsoo,Armenia,451,0.86,167.2,0.83,112.0,0.57,0.69,0.34,0.06,0.09,17%,37%
 CyderX,Turkey,2403,0.86,164.1,0.95,114.2,0.56,0.59,0.35,0.05,0.07,30%,44%
 Dhimoruto,Japan,319,0.86,156.3,0.85,100.9,0.58,0.68,0.34,0.05,0.06,25%,44%
 Peluche Violento,Peru,621,0.85,173.1,0.82,115.0,0.59,0.72,0.33,0.06,0.10,18%,38%
 rdo44q,Brazil,372,0.85,167.6,0.88,112.0,0.58,0.66,0.34,0.06,0.10,18%,38%
 FLUYR,Brazil,1348,0.84,181.1,0.91,118.4,0.61,0.67,0.25,0.10,0.09,16%,50%
 BrightBlue,South Korea,673,0.84,178.0,0.83,114.5,0.62,0.75,0.23,0.07,0.09,20%,43%
 almndra,Armenia,369,0.84,171.3,0.79,118.6,0.59,0.75,0.28,0.07,0.10,18%,40%
 marqnue,Turkey,1289,0.84,167.7,0.80,110.3,0.57,0.72,0.23,0.06,0.08,22%,43%
 corr0,Turkey,3495,0.84,154.2,0.79,100.7,0.53,0.67,0.39,0.05,0.06,18%,42%
 AzeL,Japan,332,0.83,178.3,0.79,120.5,0.59,0.75,0.30,0.08,0.12,20%,41%
 Potter,United States,2438,0.75,155.4,0.82,104.7,0.54,0.66,0.29,0.05,0.07,19%,41%
 Meimoo,Japan,344,0.83,171.7,0.80,110.0,0.61,0.76,0.24,0.03,0.06,22%,31%
 JhoW,Brazil,3433,0.83,170.2,0.91,106.9,0.59,0.65,0.28,0.06,0.08,14%,44%
 chl,Brazil,653,0.83,168.3,0.87,111.5,0.59,0.67,0.25,0.04,0.06,23%,44%
 autumnn,Chile,414,0.83,165.5,0.79,110.8,0.56,0.71,0.27,0.04,0.07,20%,34%
 moura,Brazil,821,0.83,163.2,0.88,107.2,0.55,0.63,0.35,0.06,0.06,23%,49%
 driize,Brazil,546,0.83,163.2,0.85,111.9,0.59,0.69,0.28,0.05,0.08,26%,42%
 flever,South Korea,596,0.82,188.9,0.80,120.6,0.62,0.78,0.20,0.09,0.12,19%,44%
 Leazo,Argentina,1390,0.82,182.2,1.08,111.4,0.66,0.61,0.24,0.08,0.08,26%,52%
 Raven,Armenia,383,0.82,156.4,0.87,103.9,0.59,0.68,0.25,0.07,0.08,32%,45%
 afr0nfire,Turkey,1598,0.81,168.8,0.78,107.7,0.58,0.74,0.27,0.08,0.13,23%,36%
 WKN,Chile,2739,0.81,160.5,0.82,102.9,0.57,0.70,0.28,0.06,0.10,18%,40%
 SeolHo,South Korea,411,0.81,153.7,0.81,100.8,0.57,0.71,0.27,0.07,0.09,23%,44%
 Skyfull,Japan,606,0.77,225.9,1.01,148.5,0.74,0.73,0.24,0.15,0.10,17%,59%
 GamKa,South Korea,549,0.77,181.1,0.73,118.4,0.61,0.83,0.19,0.07,0.15,19%,33%
 Momonga,Bolivia,799,0.77,165.5,0.76,105.9,0.56,0.74,0.18,0.09,0.14,21%,38%
 fRoD,United States,338,0.76,201.6,1.03,129.5,0.69,0.67,0.25,0.10,0.09,23%,53%
 depppx,Brazil,676,0.73,147.8,0.77,98.4,0.51,0.67,0.27,0.04,0.07,14%,35%
 Shiroe,Japan,301,0.66,150.6,0.63,99.2,0.51,0.80,0.24,0.09,0.18,17%,33%
